<?xml version="1.0" encoding="UTF-8" standalone="yes"?>
<addon id="kodi.screensaver.pimon" name="pimon" version="0.1.4" provider-name="Tim Ker">
    <requires>
        <import addon="xbmc.python" version="2.1.0"/>
    </requires>
    <extension point="xbmc.ui.screensaver" library="screensaver.py" />
    <extension point="xbmc.addon.metadata">
        <platform>all</platform>
        <language/>
        <website></website>
        <source>https://github.com/timker/kodi.screensaver.pimon</source>
        <forum>http://forum.xbmc.org/showthread.php?tid=168442</forum>
        <email></email>
        <summary lang="en"></summary>
        <description lang="en"></description>
    </extension>
</addon>
